type,T,K,M,fp32_ms,dp4a_ms,max_abs,max_scaled
8,1,17408,5120,0.244787,0.154880,0.092863083,0.051550414
8,2,17408,5120,0.300544,0.202394,0.092863083,0.059001973
8,4,17408,5120,0.487322,0.245146,0.092863083,0.060788539
8,8,17408,5120,0.910899,0.176538,0.092863083,0.068778103
12,1,17408,5120,0.117760,0.096205,1.0253906,0.37550845
12,2,17408,5120,0.195891,0.112947,1.0253906,0.54440941
12,4,17408,5120,0.233830,0.134298,1.2608643,0.54440941
12,8,17408,5120,0.641178,0.156314,1.2608643,0.6376603
14,1,17408,5120,0.166605,0.169626,0.89955139,0.33925405
14,2,17408,5120,0.226253,0.210790,0.89955139,0.33925405
14,4,17408,5120,0.445133,0.251187,0.89955139,0.41145063
14,8,17408,5120,0.880435,0.186470,0.89955139,0.41863864
